<?xml version="1.0" encoding="utf-8"?>
<extension version="3.3" type="plugin" group="system" method="upgrade">
	<name>YT Framework</name>
	<author>YouTech Company</author>
	<creationDate>15/5/2014</creationDate>
	<copyright></copyright>
	<license>http://www.gnu.org/licenses/gpl-2.0.html GNU/GPL</license>
	<authorEmail>contact@ytcvn.com</authorEmail>
	<authorUrl>http://www.smartaddons.com</authorUrl>
	<version>3.0.1</version>
	<description>YT_DESC</description>	
	<scriptfile>yt.script.php</scriptfile>
	<files>
		<folder   plugin="yt">includes</folder>
		<filename plugin="yt">yt.php</filename>
	</files>
	<languages folder="language/en-GB">
		<language tag="en-GB">en-GB.plg_system_yt.ini</language>
		<language tag="en-GB">en-GB.plg_system_yt.sys.ini</language>
	</languages>
	<config>
		<fields name="params">
			<fieldset name="basic">
				<field name="show_sjhelp" type="radio" class="btn-group" default="0" filter="integer" label="SHOW_SJHELP_LABEL" description="SHOW_SJHELP_DESC">
					<option value="1">JYES</option>
					<option value="0">JNo</option>
				</field>
				<field name="remove_jquery" type="radio" class="btn-group" default="0" filter="integer" label="NO_JQUERY_LABEL" description="SHOW_JQUERY_DESC">
					<option value="1">JYES</option>
					<option value="0">JNo</option>
				</field>
			</fieldset>
		</fields>
	</config>
	<updateservers>
	   <server type="collection">http://smartaddons.com/update_server/products.xml</server>
	</updateservers>
</extension>
